{"cameraMode":{"drawMode":0,"name":"Shaded","section":"Shading Mode"},"sceneLighting":false,"audioPlay":false,"sceneViewState":{"showFog":true,"showMaterialUpdate":false,"showSkybox":false,"showFlares":true,"showImageEffects":true,"showParticleSystems":true},"in2DMode":false,"pivot":{"x":0.00003457069396972656,"y":2.9999754428863527,"z":-0.000022411346435546875},"rotation":{"x":-0.14463751018047334,"y":0.7662407159805298,"z":-0.1853284388780594,"w":-0.5980038046836853},"size":3.316666603088379,"orthographic":false}