{"cameraMode":{"drawMode":0,"name":"Shaded","section":"Shading Mode"},"sceneLighting":true,"audioPlay":false,"sceneViewState":{"showFog":true,"showMaterialUpdate":false,"showSkybox":true,"showFlares":true,"showImageEffects":true,"showParticleSystems":true},"in2DMode":false,"pivot":{"x":-2.113557815551758,"y":6.088335037231445,"z":-5.120334625244141},"rotation":{"x":-0.08201031386852265,"y":0.7395884990692139,"z":-0.09166707843542099,"w":-0.6617364287376404},"size":2.0498979091644289,"orthographic":false}