{"cameraMode":{"drawMode":0,"name":"Shaded","section":"Shading Mode"},"sceneLighting":true,"audioPlay":false,"sceneViewState":{"showFog":true,"showMaterialUpdate":false,"showSkybox":true,"showFlares":true,"showImageEffects":true,"showParticleSystems":true},"in2DMode":false,"pivot":{"x":11.030837059020996,"y":0.0000032782554626464845,"z":-15.715675354003907},"rotation":{"x":-0.14463751018047334,"y":0.7662407159805298,"z":-0.1853284388780594,"w":-0.5980038046836853},"size":10.0,"orthographic":false}