{"cameraMode":{"drawMode":0,"name":"Shaded","section":"Shading Mode"},"sceneLighting":false,"audioPlay":false,"sceneViewState":{"showFog":true,"showMaterialUpdate":false,"showSkybox":false,"showFlares":true,"showImageEffects":true,"showParticleSystems":true},"in2DMode":false,"pivot":{"x":4.76837158203125e-7,"y":1.999999761581421,"z":2.980232238769531e-7},"rotation":{"x":-0.14463751018047334,"y":0.7662407159805298,"z":-0.1853284388780594,"w":-0.5980038046836853},"size":3.464101791381836,"orthographic":false}