{"cameraMode":{"drawMode":0,"name":"Shaded","section":"Shading Mode"},"sceneLighting":false,"audioPlay":false,"sceneViewState":{"showFog":true,"showMaterialUpdate":false,"showSkybox":false,"showFlares":true,"showImageEffects":true,"showParticleSystems":true},"in2DMode":false,"pivot":{"x":-0.0017237663269042969,"y":3.048368453979492,"z":0.6774762272834778},"rotation":{"x":-0.14463751018047334,"y":0.7662407159805298,"z":-0.1853284388780594,"w":-0.5980038046836853},"size":3.674274206161499,"orthographic":false}